{
    "IEA_3_4MW": {
        "15": 1522.3403234481812,
        "16": 1647.165448665619,
        "14": 2055.501096010208,
        "17": 12376.764522314072
    },
    "BAR_BAU_IEA_3.3MW": {
        "14": 3840.660848379135,
        "17": 12388.21528840065,
        "18": 7171.361414194107,
        "16": 2151.530515193939,
        "15": 6289.296578168869
    },
    "BAR_BAU_LSP_3.25MW": {
        "15": 2229.47110748291,
        "17": 3672.466489315033,
        "14": 2280.685733318329,
        "16": 4398.594469547272,
        "18": 11468.932384490967,
        "18": 8687.44741678238
    }
}