{
    "IEA_3_4MW": {
        "14": 783.78302693367,
        "16": 1471.2123711109161,
        "15": 1540.9881982803345,
        "17": 2591.7970700263977
    },
    "BAR_BAU_IEA_3.3MW": {
        "15": 2631.9281511306763,
        "18": 4658.2938940525055,
        "14": 7812.102944135666,
        "16": 8243.683985233307,
        "17": 8723.780809640884
    },
    "BAR_BAU_LSP_3.25MW": {
        "15": 2256.176988363266,
        "16": 2491.879543066025,
        "14": 7104.112035512924
    }
}