{
    "IEA_3_4MW": {
        "14": 687.5220792293549,
        "13": 916.0221107006073,
        "15": 1466.8808093070984,
        "16": 1582.2648878097534,
        "17": 2772.4488813877106
    },
    "BAR_BAU_IEA_3.3MW": {
        "13": 1269.451880455017,
        "14": 1467.7334170341492,
        "15": 2117.1395766735077,
        "16": 1678.38436961174,
        "17": 4591.214768409729
    },
    "BAR_BAU_LSP_3.25MW": {
        "14": 1520.2945230007172,
        "15": 2253.4862718582153,
        "16": 1626.887808561325,
        "13": 5670.622667312622,
        "17": 5728.776921033859
    }
}